filename,label
1_003_1_01_NN.bmp,1
1_003_1_02_EH.bmp,1
1_003_1_03_EA.bmp,1
1_003_1_04_ES.bmp,1
1_003_1_05_ESp.bmp,1
1_003_1_06_AEC.bmp,1
1_003_1_07_AOM.bmp,1
1_003_1_08_PU.bmp,1
1_003_1_09_PD.bmp,1
1_003_1_10_PL.bmp,1
1_003_1_11_PR.bmp,1
1_003_1_12_OOG.bmp,1
1_003_1_13_OSG.bmp,1
1_003_1_14_OH.bmp,1
1_003_1_15_OHE.bmp,1
1_003_1_16_OHM.bmp,1
1_003_1_17_LLU.bmp,1
1_003_1_18_LLR.bmp,1
1_003_1_19_LLL.bmp,1
1_003_1_20_LD.bmp,1
1_003_1_21_LR.bmp,1
1_004_1_01_NN.bmp,1
1_004_1_02_EH.bmp,1
1_004_1_03_EA.bmp,1
1_004_1_04_ES.bmp,1
1_004_1_05_ESp.bmp,1
1_004_1_06_AEC.bmp,1
1_004_1_07_AOM.bmp,1
1_004_1_08_PU.bmp,1
1_004_1_09_PD.bmp,1
1_004_1_10_PL.bmp,1
1_004_1_11_PR.bmp,1
1_004_1_12_OOG.bmp,1
1_004_1_13_OSG.bmp,1
1_004_1_14_OH.bmp,1
1_004_1_15_OHE.bmp,1
1_004_1_16_OHM.bmp,1
1_004_1_17_LLU.bmp,1
1_004_1_18_LLR.bmp,1
1_004_1_19_LLL.bmp,1
1_004_1_20_LD.bmp,1
1_004_1_21_LR.bmp,1
1_005_1_01_NN.bmp,1
1_005_1_02_EH.bmp,1
1_005_1_03_EA.bmp,1
1_005_1_04_ES.bmp,1
1_005_1_05_ESp.bmp,1
1_005_1_06_AEC.bmp,1
1_005_1_07_AOM.bmp,1
1_005_1_08_PU.bmp,1
1_005_1_09_PD.bmp,1
1_005_1_10_PL.bmp,1
1_005_1_11_PR.bmp,1
1_005_1_12_OOG.bmp,1
1_005_1_13_OSG.bmp,1
1_005_1_14_OH.bmp,1
1_005_1_15_OHE.bmp,1
1_005_1_16_OHM.bmp,1
1_005_1_17_LLU.bmp,1
1_005_1_18_LLR.bmp,1
1_005_1_19_LLL.bmp,1
1_005_1_20_LD.bmp,1
1_005_1_21_LR.bmp,1
1_006_1_01_NN.bmp,1
1_006_1_02_EH.bmp,1
1_006_1_03_EA.bmp,1
1_006_1_04_ES.bmp,1
1_006_1_05_ESp.bmp,1
1_006_1_06_AEC.bmp,1
1_006_1_07_AOM.bmp,1
1_006_1_08_PU.bmp,1
1_006_1_09_PD.bmp,1
1_006_1_10_PL.bmp,1
1_006_1_11_PR.bmp,1
1_006_1_12_OOG.bmp,1
1_006_1_13_OSG.bmp,1
1_006_1_14_OH.bmp,1
1_006_1_15_OHE.bmp,1
1_006_1_16_OHM.bmp,1
1_006_1_17_LLU.bmp,1
1_006_1_18_LLR.bmp,1
1_006_1_19_LLL.bmp,1
1_006_1_20_LD.bmp,1
1_006_1_21_LR.bmp,1
1_007_1_01_NN.bmp,1
1_007_1_02_EH.bmp,1
1_007_1_03_EA.bmp,1
1_007_1_04_ES.bmp,1
1_007_1_05_ESp.bmp,1
1_007_1_06_AEC.bmp,1
1_007_1_07_AOM.bmp,1
1_007_1_08_PU.bmp,1
1_007_1_09_PD.bmp,1
1_007_1_10_PL.bmp,1
1_007_1_11_PR.bmp,1
1_007_1_12_OOG.bmp,1
1_007_1_13_OSG.bmp,1
1_007_1_14_OH.bmp,1
1_007_1_15_OHE.bmp,1
1_007_1_16_OHM.bmp,1
1_007_1_17_LLU.bmp,1
1_007_1_18_LLR.bmp,1
1_007_1_19_LLL.bmp,1
1_007_1_20_LD.bmp,1
1_007_1_21_LR.bmp,1
1_008_1_01_NN.bmp,1
1_008_1_02_EH.bmp,1
1_008_1_03_EA.bmp,1
1_008_1_04_ES.bmp,1
1_008_1_05_ESp.bmp,1
1_008_1_06_AEC.bmp,1
1_008_1_07_AOM.bmp,1
1_008_1_08_PU.bmp,1
1_008_1_09_PD.bmp,1
1_008_1_10_PL.bmp,1
1_008_1_11_PR.bmp,1
1_008_1_12_OOG.bmp,1
1_008_1_13_OSG.bmp,1
1_008_1_14_OH.bmp,1
1_008_1_15_OHE.bmp,1
1_008_1_16_OHM.bmp,1
1_008_1_17_LLU.bmp,1
1_008_1_18_LLR.bmp,1
1_008_1_19_LLL.bmp,1
1_008_1_20_LD.bmp,1
1_008_1_21_LR.bmp,1
1_009_1_01_NN.bmp,1
1_009_1_02_EH.bmp,1
1_009_1_03_EA.bmp,1
1_009_1_04_ES.bmp,1
1_009_1_05_ESp.bmp,1
1_009_1_06_AEC.bmp,1
1_009_1_07_AOM.bmp,1
1_009_1_08_PU.bmp,1
1_009_1_09_PD.bmp,1
1_009_1_10_PL.bmp,1
1_009_1_11_PR.bmp,1
1_009_1_12_OOG.bmp,1
1_009_1_13_OSG.bmp,1
1_009_1_14_OH.bmp,1
1_009_1_15_OHE.bmp,1
1_009_1_16_OHM.bmp,1
1_009_1_17_LLU.bmp,1
1_009_1_18_LLR.bmp,1
1_009_1_19_LLL.bmp,1
1_009_1_20_LD.bmp,1
1_009_1_21_LR.bmp,1
1_010_1_01_NN.bmp,1
1_010_1_02_EH.bmp,1
1_010_1_03_EA.bmp,1
1_010_1_04_ES.bmp,1
1_010_1_05_ESp.bmp,1
1_010_1_06_AEC.bmp,1
1_010_1_07_AOM.bmp,1
1_010_1_08_PU.bmp,1
1_010_1_09_PD.bmp,1
1_010_1_10_PL.bmp,1
1_010_1_11_PR.bmp,1
1_010_1_12_OOG.bmp,1
1_010_1_13_OSG.bmp,1
1_010_1_14_OH.bmp,1
1_010_1_15_OHE.bmp,1
1_010_1_16_OHM.bmp,1
1_010_1_17_LLU.bmp,1
1_010_1_18_LLR.bmp,1
1_010_1_19_LLL.bmp,1
1_010_1_20_LD.bmp,1
1_010_1_21_LR.bmp,1
1_011_1_01_NN.bmp,1
1_011_1_02_EH.bmp,1
1_011_1_03_EA.bmp,1
1_011_1_04_ES.bmp,1
1_011_1_05_ESp.bmp,1
1_011_1_06_AEC.bmp,1
1_011_1_07_AOM.bmp,1
1_011_1_08_PU.bmp,1
1_011_1_09_PD.bmp,1
1_011_1_10_PL.bmp,1
1_011_1_11_PR.bmp,1
1_011_1_12_OOG.bmp,1
1_011_1_13_OSG.bmp,1
1_011_1_14_OH.bmp,1
1_011_1_15_OHE.bmp,1
1_011_1_16_OHM.bmp,1
1_011_1_17_LLU.bmp,1
1_011_1_18_LLR.bmp,1
1_011_1_19_LLL.bmp,1
1_011_1_20_LD.bmp,1
1_011_1_21_LR.bmp,1
1_012_1_01_NN.bmp,1
1_012_1_02_EH.bmp,1
1_012_1_03_EA.bmp,1
1_012_1_04_ES.bmp,1
1_012_1_05_ESp.bmp,1
1_012_1_06_AEC.bmp,1
1_012_1_07_AOM.bmp,1
1_012_1_08_PU.bmp,1
1_012_1_09_PD.bmp,1
1_012_1_10_PL.bmp,1
1_012_1_11_PR.bmp,1
1_012_1_12_OOG.bmp,1
1_012_1_13_OSG.bmp,1
1_012_1_14_OH.bmp,1
1_012_1_15_OHE.bmp,1
1_012_1_16_OHM.bmp,1
1_012_1_17_LLU.bmp,1
1_012_1_18_LLR.bmp,1
1_012_1_19_LLL.bmp,1
1_012_1_20_LD.bmp,1
1_012_1_21_LR.bmp,1
1_013_1_01_NN.bmp,1
1_013_1_02_EH.bmp,1
1_013_1_03_EA.bmp,1
1_013_1_04_ES.bmp,1
1_013_1_05_ESp.bmp,1
1_013_1_06_AEC.bmp,1
1_013_1_07_AOM.bmp,1
1_013_1_08_PU.bmp,1
1_013_1_09_PD.bmp,1
1_013_1_10_PL.bmp,1
1_013_1_11_PR.bmp,1
1_013_1_12_OOG.bmp,1
1_013_1_13_OSG.bmp,1
1_013_1_14_OH.bmp,1
1_013_1_15_OHE.bmp,1
1_013_1_16_OHM.bmp,1
1_013_1_17_LLU.bmp,1
1_013_1_18_LLR.bmp,1
1_013_1_19_LLL.bmp,1
1_013_1_20_LD.bmp,1
1_013_1_21_LR.bmp,1
1_014_1_01_NN.bmp,1
1_014_1_02_EH.bmp,1
1_014_1_03_EA.bmp,1
1_014_1_04_ES.bmp,1
1_014_1_05_ESp.bmp,1
1_014_1_06_AEC.bmp,1
1_014_1_07_AOM.bmp,1
1_014_1_08_PU.bmp,1
1_014_1_09_PD.bmp,1
1_014_1_10_PL.bmp,1
1_014_1_11_PR.bmp,1
1_014_1_12_OOG.bmp,1
1_014_1_13_OSG.bmp,1
1_014_1_14_OH.bmp,1
1_014_1_15_OHE.bmp,1
1_014_1_16_OHM.bmp,1
1_014_1_17_LLU.bmp,1
1_014_1_18_LLR.bmp,1
1_014_1_19_LLL.bmp,1
1_014_1_20_LD.bmp,1
1_014_1_21_LR.bmp,1
1_015_1_01_NN.bmp,1
1_015_1_02_EH.bmp,1
1_015_1_03_EA.bmp,1
1_015_1_04_ES.bmp,1
1_015_1_05_ESp.bmp,1
1_015_1_06_AEC.bmp,1
1_015_1_07_AOM.bmp,1
1_015_1_08_PU.bmp,1
1_015_1_09_PD.bmp,1
1_015_1_10_PL.bmp,1
1_015_1_11_PR.bmp,1
1_015_1_12_OOG.bmp,1
1_015_1_13_OSG.bmp,1
1_015_1_14_OH.bmp,1
1_015_1_15_OHE.bmp,1
1_015_1_16_OHM.bmp,1
1_015_1_17_LLU.bmp,1
1_015_1_18_LLR.bmp,1
1_015_1_19_LLL.bmp,1
1_015_1_20_LD.bmp,1
1_015_1_21_LR.bmp,1
1_016_1_01_NN.bmp,1
1_016_1_02_EH.bmp,1
1_016_1_03_EA.bmp,1
1_016_1_04_ES.bmp,1
1_016_1_05_ESp.bmp,1
1_016_1_06_AEC.bmp,1
1_016_1_07_AOM.bmp,1
1_016_1_08_PU.bmp,1
1_016_1_09_PD.bmp,1
1_016_1_10_PL.bmp,1
1_016_1_11_PR.bmp,1
1_016_1_12_OOG.bmp,1
1_016_1_13_OSG.bmp,1
1_016_1_14_OH.bmp,1
1_016_1_15_OHE.bmp,1
1_016_1_16_OHM.bmp,1
1_016_1_17_LLU.bmp,1
1_016_1_18_LLR.bmp,1
1_016_1_19_LLL.bmp,1
1_016_1_20_LD.bmp,1
1_016_1_21_LR.bmp,1
1_017_1_01_NN.bmp,1
1_017_1_02_EH.bmp,1
1_017_1_03_EA.bmp,1
1_017_1_04_ES.bmp,1
1_017_1_05_ESp.bmp,1
1_017_1_06_AEC.bmp,1
1_017_1_07_AOM.bmp,1
1_017_1_08_PU.bmp,1
1_017_1_09_PD.bmp,1
1_017_1_10_PL.bmp,1
1_017_1_11_PR.bmp,1
1_017_1_12_OOG.bmp,1
1_017_1_13_OSG.bmp,1
1_017_1_14_OH.bmp,1
1_017_1_15_OHE.bmp,1
1_017_1_16_OHM.bmp,1
1_017_1_17_LLU.bmp,1
1_017_1_18_LLR.bmp,1
1_017_1_19_LLL.bmp,1
1_017_1_20_LD.bmp,1
1_017_1_21_LR.bmp,1
1_018_1_01_NN.bmp,1
1_018_1_02_EH.bmp,1
1_018_1_03_EA.bmp,1
1_018_1_04_ES.bmp,1
1_018_1_05_ESp.bmp,1
1_018_1_06_AEC.bmp,1
1_018_1_07_AOM.bmp,1
1_018_1_08_PU.bmp,1
1_018_1_09_PD.bmp,1
1_018_1_10_PL.bmp,1
1_018_1_11_PR.bmp,1
1_018_1_12_OOG.bmp,1
1_018_1_13_OSG.bmp,1
1_018_1_14_OH.bmp,1
1_018_1_15_OHE.bmp,1
1_018_1_16_OHM.bmp,1
1_018_1_17_LLU.bmp,1
1_018_1_18_LLR.bmp,1
1_018_1_19_LLL.bmp,1
1_018_1_20_LD.bmp,1
1_018_1_21_LR.bmp,1
1_019_1_01_NN.bmp,1
1_019_1_02_EH.bmp,1
1_019_1_03_EA.bmp,1
1_019_1_04_ES.bmp,1
1_019_1_05_ESp.bmp,1
1_019_1_06_AEC.bmp,1
1_019_1_07_AOM.bmp,1
1_019_1_08_PU.bmp,1
1_019_1_09_PD.bmp,1
1_019_1_10_PL.bmp,1
1_019_1_11_PR.bmp,1
1_019_1_12_OOG.bmp,1
1_019_1_13_OSG.bmp,1
1_019_1_14_OH.bmp,1
1_019_1_15_OHE.bmp,1
1_019_1_16_OHM.bmp,1
1_019_1_17_LLU.bmp,1
1_019_1_18_LLR.bmp,1
1_019_1_19_LLL.bmp,1
1_019_1_20_LD.bmp,1
1_019_1_21_LR.bmp,1
1_020_1_01_NN.bmp,1
1_020_1_02_EH.bmp,1
1_020_1_03_EA.bmp,1
1_020_1_04_ES.bmp,1
1_020_1_05_ESp.bmp,1
1_020_1_06_AEC.bmp,1
1_020_1_07_AOM.bmp,1
1_020_1_08_PU.bmp,1
1_020_1_09_PD.bmp,1
1_020_1_10_PL.bmp,1
1_020_1_11_PR.bmp,1
1_020_1_12_OOG.bmp,1
1_020_1_13_OSG.bmp,1
1_020_1_14_OH.bmp,1
1_020_1_15_OHE.bmp,1
1_020_1_16_OHM.bmp,1
1_020_1_17_LLU.bmp,1
1_020_1_18_LLR.bmp,1
1_020_1_19_LLL.bmp,1
1_020_1_20_LD.bmp,1
1_020_1_21_LR.bmp,1
1_022_1_01_NN.bmp,1
1_022_1_02_EH.bmp,1
1_022_1_03_EA.bmp,1
1_022_1_04_ES.bmp,1
1_022_1_05_ESp.bmp,1
1_022_1_06_AEC.bmp,1
1_022_1_07_AOM.bmp,1
1_022_1_08_PU.bmp,1
1_022_1_09_PD.bmp,1
1_022_1_10_PL.bmp,1
1_022_1_11_PR.bmp,1
1_022_1_12_OOG.bmp,1
1_022_1_13_OSG.bmp,1
1_022_1_14_OH.bmp,1
1_022_1_15_OHE.bmp,1
1_022_1_16_OHM.bmp,1
1_022_1_17_LLU.bmp,1
1_022_1_18_LLR.bmp,1
1_022_1_19_LLL.bmp,1
1_022_1_20_LD.bmp,1
1_022_1_21_LR.bmp,1
1_023_1_01_NN.bmp,1
1_023_1_02_EH.bmp,1
1_023_1_03_EA.bmp,1
1_023_1_04_ES.bmp,1
1_023_1_05_ESp.bmp,1
1_023_1_06_AEC.bmp,1
1_023_1_07_AOM.bmp,1
1_023_1_08_PU.bmp,1
1_023_1_09_PD.bmp,1
1_023_1_10_PL.bmp,1
1_023_1_11_PR.bmp,1
1_023_1_12_OOG.bmp,1
1_023_1_13_OSG.bmp,1
1_023_1_14_OH.bmp,1
1_023_1_15_OHE.bmp,1
1_023_1_16_OHM.bmp,1
1_023_1_17_LLU.bmp,1
1_023_1_18_LLR.bmp,1
1_023_1_19_LLL.bmp,1
1_023_1_20_LD.bmp,1
1_023_1_21_LR.bmp,1
1_024_1_01_NN.bmp,1
1_024_1_02_EH.bmp,1
1_024_1_03_EA.bmp,1
1_024_1_04_ES.bmp,1
1_024_1_05_ESp.bmp,1
1_024_1_06_AEC.bmp,1
1_024_1_07_AOM.bmp,1
1_024_1_08_PU.bmp,1
1_024_1_09_PD.bmp,1
1_024_1_10_PL.bmp,1
1_024_1_11_PR.bmp,1
1_024_1_12_OOG.bmp,1
1_024_1_13_OSG.bmp,1
1_024_1_14_OH.bmp,1
1_024_1_15_OHE.bmp,1
1_024_1_16_OHM.bmp,1
1_024_1_17_LLU.bmp,1
1_024_1_18_LLR.bmp,1
1_024_1_19_LLL.bmp,1
1_024_1_20_LD.bmp,1
1_024_1_21_LR.bmp,1
1_025_1_01_NN.bmp,1
1_025_1_02_EH.bmp,1
1_025_1_03_EA.bmp,1
1_025_1_04_ES.bmp,1
1_025_1_05_ESp.bmp,1
1_025_1_06_AEC.bmp,1
1_025_1_07_AOM.bmp,1
1_025_1_08_PU.bmp,1
1_025_1_09_PD.bmp,1
1_025_1_10_PL.bmp,1
1_025_1_11_PR.bmp,1
1_025_1_12_OOG.bmp,1
1_025_1_13_OSG.bmp,1
1_025_1_14_OH.bmp,1
1_025_1_15_OHE.bmp,1
1_025_1_16_OHM.bmp,1
1_025_1_17_LLU.bmp,1
1_025_1_18_LLR.bmp,1
1_025_1_19_LLL.bmp,1
1_025_1_20_LD.bmp,1
1_025_1_21_LR.bmp,1
1_026_1_01_NN.bmp,1
1_026_1_02_EH.bmp,1
1_026_1_03_EA.bmp,1
1_026_1_04_ES.bmp,1
1_026_1_05_ESp.bmp,1
1_026_1_06_AEC.bmp,1
1_026_1_07_AOM.bmp,1
1_026_1_08_PU.bmp,1
1_026_1_09_PD.bmp,1
1_026_1_10_PL.bmp,1
1_026_1_11_PR.bmp,1
1_026_1_12_OOG.bmp,1
1_026_1_13_OSG.bmp,1
1_026_1_14_OH.bmp,1
1_026_1_15_OHE.bmp,1
1_026_1_16_OHM.bmp,1
1_026_1_17_LLU.bmp,1
1_026_1_18_LLR.bmp,1
1_026_1_19_LLL.bmp,1
1_026_1_20_LD.bmp,1
1_026_1_21_LR.bmp,1
1_027_1_01_NN.bmp,1
1_027_1_02_EH.bmp,1
1_027_1_03_EA.bmp,1
1_027_1_04_ES.bmp,1
1_027_1_05_ESp.bmp,1
1_027_1_06_AEC.bmp,1
1_027_1_07_AOM.bmp,1
1_027_1_08_PU.bmp,1
1_027_1_09_PD.bmp,1
1_027_1_10_PL.bmp,1
1_027_1_11_PR.bmp,1
1_027_1_12_OOG.bmp,1
1_027_1_13_OSG.bmp,1
1_027_1_14_OH.bmp,1
1_027_1_15_OHE.bmp,1
1_027_1_16_OHM.bmp,1
1_027_1_17_LLU.bmp,1
1_027_1_18_LLR.bmp,1
1_027_1_19_LLL.bmp,1
1_027_1_20_LD.bmp,1
1_027_1_21_LR.bmp,1
1_028_1_01_NN.bmp,1
1_028_1_02_EH.bmp,1
1_028_1_03_EA.bmp,1
1_028_1_04_ES.bmp,1
1_028_1_05_ESp.bmp,1
1_028_1_06_AEC.bmp,1
1_028_1_07_AOM.bmp,1
1_028_1_08_PU.bmp,1
1_028_1_09_PD.bmp,1
1_028_1_10_PL.bmp,1
1_028_1_11_PR.bmp,1
1_028_1_12_OOG.bmp,1
1_028_1_13_OSG.bmp,1
1_028_1_14_OH.bmp,1
1_028_1_15_OHE.bmp,1
1_028_1_16_OHM.bmp,1
1_028_1_17_LLU.bmp,1
1_028_1_18_LLR.bmp,1
1_028_1_19_LLL.bmp,1
1_028_1_20_LD.bmp,1
1_028_1_21_LR.bmp,1
1_029_1_01_NN.bmp,1
1_029_1_02_EH.bmp,1
1_029_1_03_EA.bmp,1
1_029_1_04_ES.bmp,1
1_029_1_05_ESp.bmp,1
1_029_1_06_AEC.bmp,1
1_029_1_07_AOM.bmp,1
1_029_1_08_PU.bmp,1
1_029_1_09_PD.bmp,1
1_029_1_10_PL.bmp,1
1_029_1_11_PR.bmp,1
1_029_1_12_OOG.bmp,1
1_029_1_13_OSG.bmp,1
1_029_1_14_OH.bmp,1
1_029_1_15_OHE.bmp,1
1_029_1_16_OHM.bmp,1
1_029_1_17_LLU.bmp,1
1_029_1_18_LLR.bmp,1
1_029_1_19_LLL.bmp,1
1_029_1_20_LD.bmp,1
1_029_1_21_LR.bmp,1
1_030_1_01_NN.bmp,1
1_030_1_02_EH.bmp,1
1_030_1_03_EA.bmp,1
1_030_1_04_ES.bmp,1
1_030_1_05_ESp.bmp,1
1_030_1_06_AEC.bmp,1
1_030_1_07_AOM.bmp,1
1_030_1_08_PU.bmp,1
1_030_1_09_PD.bmp,1
1_030_1_10_PL.bmp,1
1_030_1_11_PR.bmp,1
1_030_1_12_OOG.bmp,1
1_030_1_13_OSG.bmp,1
1_030_1_14_OH.bmp,1
1_030_1_15_OHE.bmp,1
1_030_1_16_OHM.bmp,1
1_030_1_17_LLU.bmp,1
1_030_1_18_LLR.bmp,1
1_030_1_19_LLL.bmp,1
1_030_1_20_LD.bmp,1
1_030_1_21_LR.bmp,1
1_032_1_01_NN.bmp,1
1_032_1_02_EH.bmp,1
1_032_1_03_EA.bmp,1
1_032_1_04_ES.bmp,1
1_032_1_05_ESp.bmp,1
1_032_1_06_AEC.bmp,1
1_032_1_07_AOM.bmp,1
1_032_1_08_PU.bmp,1
1_032_1_09_PD.bmp,1
1_032_1_10_PL.bmp,1
1_032_1_11_PR.bmp,1
1_032_1_12_OOG.bmp,1
1_032_1_13_OSG.bmp,1
1_032_1_14_OH.bmp,1
1_032_1_15_OHE.bmp,1
1_032_1_16_OHM.bmp,1
1_032_1_17_LLU.bmp,1
1_032_1_18_LLR.bmp,1
1_032_1_19_LLL.bmp,1
1_032_1_20_LD.bmp,1
1_032_1_21_LR.bmp,1
1_033_1_01_NN.bmp,1
1_033_1_02_EH.bmp,1
1_033_1_03_EA.bmp,1
1_033_1_04_ES.bmp,1
1_033_1_05_ESp.bmp,1
1_033_1_06_AEC.bmp,1
1_033_1_07_AOM.bmp,1
1_033_1_08_PU.bmp,1
1_033_1_09_PD.bmp,1
1_033_1_10_PL.bmp,1
1_033_1_11_PR.bmp,1
1_033_1_12_OOG.bmp,1
1_033_1_13_OSG.bmp,1
1_033_1_14_OH.bmp,1
1_033_1_15_OHE.bmp,1
1_033_1_16_OHM.bmp,1
1_033_1_17_LLU.bmp,1
1_033_1_18_LLR.bmp,1
1_033_1_19_LLL.bmp,1
1_033_1_20_LD.bmp,1
1_033_1_21_LR.bmp,1
1_034_1_01_NN.bmp,1
1_034_1_02_EH.bmp,1
1_034_1_03_EA.bmp,1
1_034_1_04_ES.bmp,1
1_034_1_05_ESp.bmp,1
1_034_1_06_AEC.bmp,1
1_034_1_07_AOM.bmp,1
1_034_1_08_PU.bmp,1
1_034_1_09_PD.bmp,1
1_034_1_10_PL.bmp,1
1_034_1_11_PR.bmp,1
1_034_1_12_OOG.bmp,1
1_034_1_13_OSG.bmp,1
1_034_1_14_OH.bmp,1
1_034_1_15_OHE.bmp,1
1_034_1_16_OHM.bmp,1
1_034_1_17_LLU.bmp,1
1_034_1_18_LLR.bmp,1
1_034_1_19_LLL.bmp,1
1_034_1_20_LD.bmp,1
1_034_1_21_LR.bmp,1
1_035_1_01_NN.bmp,1
1_035_1_02_EH.bmp,1
1_035_1_03_EA.bmp,1
1_035_1_04_ES.bmp,1
1_035_1_05_ESp.bmp,1
1_035_1_06_AEC.bmp,1
1_035_1_07_AOM.bmp,1
1_035_1_08_PU.bmp,1
1_035_1_09_PD.bmp,1
1_035_1_10_PL.bmp,1
1_035_1_11_PR.bmp,1
1_035_1_12_OOG.bmp,1
1_035_1_13_OSG.bmp,1
1_035_1_14_OH.bmp,1
1_035_1_15_OHE.bmp,1
1_035_1_16_OHM.bmp,1
1_035_1_17_LLU.bmp,1
1_035_1_18_LLR.bmp,1
1_035_1_19_LLL.bmp,1
1_035_1_20_LD.bmp,1
1_035_1_21_LR.bmp,1
1_037_1_01_NN.bmp,1
1_037_1_02_EH.bmp,1
1_037_1_03_EA.bmp,1
1_037_1_04_ES.bmp,1
1_037_1_05_ESp.bmp,1
1_037_1_06_AEC.bmp,1
1_037_1_07_AOM.bmp,1
1_037_1_08_PU.bmp,1
1_037_1_09_PD.bmp,1
1_037_1_10_PL.bmp,1
1_037_1_11_PR.bmp,1
1_037_1_12_OOG.bmp,1
1_037_1_13_OSG.bmp,1
1_037_1_14_OH.bmp,1
1_037_1_15_OHE.bmp,1
1_037_1_16_OHM.bmp,1
1_037_1_17_LLU.bmp,1
1_037_1_18_LLR.bmp,1
1_037_1_19_LLL.bmp,1
1_037_1_20_LD.bmp,1
1_037_1_21_LR.bmp,1
1_038_1_01_NN.bmp,1
1_038_1_02_EH.bmp,1
1_038_1_03_EA.bmp,1
1_038_1_04_ES.bmp,1
1_038_1_05_ESp.bmp,1
1_038_1_06_AEC.bmp,1
1_038_1_07_AOM.bmp,1
1_038_1_08_PU.bmp,1
1_038_1_09_PD.bmp,1
1_038_1_10_PL.bmp,1
1_038_1_11_PR.bmp,1
1_038_1_12_OOG.bmp,1
1_038_1_13_OSG.bmp,1
1_038_1_14_OH.bmp,1
1_038_1_15_OHE.bmp,1
1_038_1_16_OHM.bmp,1
1_038_1_17_LLU.bmp,1
1_038_1_18_LLR.bmp,1
1_038_1_19_LLL.bmp,1
1_038_1_20_LD.bmp,1
1_038_1_21_LR.bmp,1
1_039_1_01_NN.bmp,1
1_039_1_02_EH.bmp,1
1_039_1_03_EA.bmp,1
1_039_1_04_ES.bmp,1
1_039_1_05_ESp.bmp,1
1_039_1_06_AEC.bmp,1
1_039_1_07_AOM.bmp,1
1_039_1_08_PU.bmp,1
1_039_1_09_PD.bmp,1
1_039_1_10_PL.bmp,1
1_039_1_11_PR.bmp,1
1_039_1_12_OOG.bmp,1
1_039_1_13_OSG.bmp,1
1_039_1_14_OH.bmp,1
1_039_1_15_OHE.bmp,1
1_039_1_16_OHM.bmp,1
1_039_1_17_LLU.bmp,1
1_039_1_18_LLR.bmp,1
1_039_1_19_LLL.bmp,1
1_039_1_20_LD.bmp,1
1_039_1_21_LR.bmp,1
1_040_1_01_NN.bmp,1
1_040_1_02_EH.bmp,1
1_040_1_03_EA.bmp,1
1_040_1_04_ES.bmp,1
1_040_1_05_ESp.bmp,1
1_040_1_06_AEC.bmp,1
1_040_1_07_AOM.bmp,1
1_040_1_08_PU.bmp,1
1_040_1_09_PD.bmp,1
1_040_1_10_PL.bmp,1
1_040_1_11_PR.bmp,1
1_040_1_12_OOG.bmp,1
1_040_1_13_OSG.bmp,1
1_040_1_14_OH.bmp,1
1_040_1_15_OHE.bmp,1
1_040_1_16_OHM.bmp,1
1_040_1_17_LLU.bmp,1
1_040_1_18_LLR.bmp,1
1_040_1_19_LLL.bmp,1
1_040_1_20_LD.bmp,1
1_040_1_21_LR.bmp,1
1_041_1_01_NN.bmp,1
1_041_1_02_EH.bmp,1
1_041_1_03_EA.bmp,1
1_041_1_04_ES.bmp,1
1_041_1_05_ESp.bmp,1
1_041_1_06_AEC.bmp,1
1_041_1_07_AOM.bmp,1
1_041_1_08_PU.bmp,1
1_041_1_09_PD.bmp,1
1_041_1_10_PL.bmp,1
1_041_1_11_PR.bmp,1
1_041_1_12_OOG.bmp,1
1_041_1_13_OSG.bmp,1
1_041_1_14_OH.bmp,1
1_041_1_15_OHE.bmp,1
1_041_1_16_OHM.bmp,1
1_041_1_17_LLU.bmp,1
1_041_1_18_LLR.bmp,1
1_041_1_19_LLL.bmp,1
1_041_1_20_LD.bmp,1
1_041_1_21_LR.bmp,1
1_042_1_01_NN.bmp,1
1_042_1_02_EH.bmp,1
1_042_1_03_EA.bmp,1
1_042_1_04_ES.bmp,1
1_042_1_05_ESp.bmp,1
1_042_1_06_AEC.bmp,1
1_042_1_07_AOM.bmp,1
1_042_1_08_PU.bmp,1
1_042_1_09_PD.bmp,1
1_042_1_10_PL.bmp,1
1_042_1_11_PR.bmp,1
1_042_1_12_OOG.bmp,1
1_042_1_13_OSG.bmp,1
1_042_1_14_OH.bmp,1
1_042_1_15_OHE.bmp,1
1_042_1_16_OHM.bmp,1
1_042_1_17_LLU.bmp,1
1_042_1_18_LLR.bmp,1
1_042_1_19_LLL.bmp,1
1_042_1_20_LD.bmp,1
1_042_1_21_LR.bmp,1
1_043_1_01_NN.bmp,1
1_043_1_02_EH.bmp,1
1_043_1_03_EA.bmp,1
1_043_1_04_ES.bmp,1
1_043_1_05_ESp.bmp,1
1_043_1_06_AEC.bmp,1
1_043_1_07_AOM.bmp,1
1_043_1_08_PU.bmp,1
1_043_1_09_PD.bmp,1
1_043_1_10_PL.bmp,1
1_043_1_11_PR.bmp,1
1_043_1_12_OOG.bmp,1
1_043_1_13_OSG.bmp,1
1_043_1_14_OH.bmp,1
1_043_1_15_OHE.bmp,1
1_043_1_16_OHM.bmp,1
1_043_1_17_LLU.bmp,1
1_043_1_18_LLR.bmp,1
1_043_1_19_LLL.bmp,1
1_043_1_20_LD.bmp,1
1_043_1_21_LR.bmp,1
1_044_1_01_NN.bmp,1
1_044_1_02_EH.bmp,1
1_044_1_03_EA.bmp,1
1_044_1_04_ES.bmp,1
1_044_1_05_ESp.bmp,1
1_044_1_06_AEC.bmp,1
1_044_1_07_AOM.bmp,1
1_044_1_08_PU.bmp,1
1_044_1_09_PD.bmp,1
1_044_1_10_PL.bmp,1
1_044_1_11_PR.bmp,1
1_044_1_12_OOG.bmp,1
1_044_1_13_OSG.bmp,1
1_044_1_14_OH.bmp,1
1_044_1_15_OHE.bmp,1
1_044_1_16_OHM.bmp,1
1_044_1_17_LLU.bmp,1
1_044_1_18_LLR.bmp,1
1_044_1_19_LLL.bmp,1
1_044_1_20_LD.bmp,1
1_044_1_21_LR.bmp,1
1_045_1_01_NN.bmp,1
1_045_1_02_EH.bmp,1
1_045_1_03_EA.bmp,1
1_045_1_04_ES.bmp,1
1_045_1_05_ESp.bmp,1
1_045_1_06_AEC.bmp,1
1_045_1_07_AOM.bmp,1
1_045_1_08_PU.bmp,1
1_045_1_09_PD.bmp,1
1_045_1_10_PL.bmp,1
1_045_1_11_PR.bmp,1
1_045_1_12_OOG.bmp,1
1_045_1_13_OSG.bmp,1
1_045_1_14_OH.bmp,1
1_045_1_15_OHE.bmp,1
1_045_1_16_OHM.bmp,1
1_045_1_17_LLU.bmp,1
1_045_1_18_LLR.bmp,1
1_045_1_19_LLL.bmp,1
1_045_1_20_LD.bmp,1
1_045_1_21_LR.bmp,1
1_046_1_01_NN.bmp,1
1_046_1_02_EH.bmp,1
1_046_1_03_EA.bmp,1
1_046_1_04_ES.bmp,1
1_046_1_05_ESp.bmp,1
1_046_1_06_AEC.bmp,1
1_046_1_07_AOM.bmp,1
1_046_1_08_PU.bmp,1
1_046_1_09_PD.bmp,1
1_046_1_10_PL.bmp,1
1_046_1_11_PR.bmp,1
1_046_1_12_OOG.bmp,1
1_046_1_13_OSG.bmp,1
1_046_1_14_OH.bmp,1
1_046_1_15_OHE.bmp,1
1_046_1_16_OHM.bmp,1
1_046_1_17_LLU.bmp,1
1_046_1_18_LLR.bmp,1
1_046_1_19_LLL.bmp,1
1_046_1_20_LD.bmp,1
1_046_1_21_LR.bmp,1
1_047_1_01_NN.bmp,1
1_047_1_02_EH.bmp,1
1_047_1_03_EA.bmp,1
1_047_1_04_ES.bmp,1
1_047_1_05_ESp.bmp,1
1_047_1_06_AEC.bmp,1
1_047_1_07_AOM.bmp,1
1_047_1_08_PU.bmp,1
1_047_1_09_PD.bmp,1
1_047_1_10_PL.bmp,1
1_047_1_11_PR.bmp,1
1_047_1_12_OOG.bmp,1
1_047_1_13_OSG.bmp,1
1_047_1_14_OH.bmp,1
1_047_1_15_OHE.bmp,1
1_047_1_16_OHM.bmp,1
1_047_1_17_LLU.bmp,1
1_047_1_18_LLR.bmp,1
1_047_1_19_LLL.bmp,1
1_047_1_20_LD.bmp,1
1_047_1_21_LR.bmp,1
1_048_1_01_NN.bmp,1
1_048_1_02_EH.bmp,1
1_048_1_03_EA.bmp,1
1_048_1_04_ES.bmp,1
1_048_1_05_ESp.bmp,1
1_048_1_06_AEC.bmp,1
1_048_1_07_AOM.bmp,1
1_048_1_08_PU.bmp,1
1_048_1_09_PD.bmp,1
1_048_1_10_PL.bmp,1
1_048_1_11_PR.bmp,1
1_048_1_12_OOG.bmp,1
1_048_1_13_OSG.bmp,1
1_048_1_14_OH.bmp,1
1_048_1_15_OHE.bmp,1
1_048_1_16_OHM.bmp,1
1_048_1_17_LLU.bmp,1
1_048_1_18_LLR.bmp,1
1_048_1_19_LLL.bmp,1
1_048_1_20_LD.bmp,1
1_048_1_21_LR.bmp,1
1_049_1_01_NN.bmp,1
1_049_1_02_EH.bmp,1
1_049_1_03_EA.bmp,1
1_049_1_04_ES.bmp,1
1_049_1_05_ESp.bmp,1
1_049_1_06_AEC.bmp,1
1_049_1_07_AOM.bmp,1
1_049_1_08_PU.bmp,1
1_049_1_09_PD.bmp,1
1_049_1_10_PL.bmp,1
1_049_1_11_PR.bmp,1
1_049_1_12_OOG.bmp,1
1_049_1_13_OSG.bmp,1
1_049_1_14_OH.bmp,1
1_049_1_15_OHE.bmp,1
1_049_1_16_OHM.bmp,1
1_049_1_17_LLU.bmp,1
1_049_1_18_LLR.bmp,1
1_049_1_19_LLL.bmp,1
1_049_1_20_LD.bmp,1
1_049_1_21_LR.bmp,1
1_050_1_01_NN.bmp,1
1_050_1_02_EH.bmp,1
1_050_1_03_EA.bmp,1
1_050_1_04_ES.bmp,1
1_050_1_05_ESp.bmp,1
1_050_1_06_AEC.bmp,1
1_050_1_07_AOM.bmp,1
1_050_1_08_PU.bmp,1
1_050_1_09_PD.bmp,1
1_050_1_10_PL.bmp,1
1_050_1_11_PR.bmp,1
1_050_1_12_OOG.bmp,1
1_050_1_13_OSG.bmp,1
1_050_1_14_OH.bmp,1
1_050_1_15_OHE.bmp,1
1_050_1_16_OHM.bmp,1
1_050_1_17_LLU.bmp,1
1_050_1_18_LLR.bmp,1
1_050_1_19_LLL.bmp,1
1_050_1_20_LD.bmp,1
1_050_1_21_LR.bmp,1
1_001_1_01_NN.bmp,1
1_001_1_02_EH.bmp,1
1_001_1_03_EA.bmp,1
1_001_1_04_ES.bmp,1
1_001_1_05_ESp.bmp,1
1_001_1_06_AEC.bmp,1
1_001_1_07_AOM.bmp,1
1_001_1_08_PU.bmp,1
1_001_1_09_PD.bmp,1
1_001_1_10_PL.bmp,1
1_001_1_11_PR.bmp,1
1_001_1_12_OOG.bmp,1
1_001_1_13_OSG.bmp,1
1_001_1_14_OH.bmp,1
1_001_1_15_OHE.bmp,1
1_001_1_16_OHM.bmp,1
1_001_1_17_LLU.bmp,1
1_001_1_18_LLR.bmp,1
1_001_1_19_LLL.bmp,1
1_001_1_20_LD.bmp,1
1_001_1_21_LR.bmp,1
1_002_1_01_NN.bmp,1
1_002_1_02_EH.bmp,1
1_002_1_03_EA.bmp,1
1_002_1_04_ES.bmp,1
1_002_1_05_ESp.bmp,1
1_002_1_06_AEC.bmp,1
1_002_1_07_AOM.bmp,1
1_002_1_08_PU.bmp,1
1_002_1_09_PD.bmp,1
1_002_1_10_PL.bmp,1
1_002_1_11_PR.bmp,1
1_002_1_12_OOG.bmp,1
1_002_1_13_OSG.bmp,1
1_002_1_14_OH.bmp,1
1_002_1_15_OHE.bmp,1
1_002_1_16_OHM.bmp,1
1_002_1_17_LLU.bmp,1
1_002_1_18_LLR.bmp,1
1_002_1_19_LLL.bmp,1
1_002_1_20_LD.bmp,1
1_002_1_21_LR.bmp,1
1_021_1_01_NN.bmp,1
1_021_1_02_EH.bmp,1
1_021_1_03_EA.bmp,1
1_021_1_04_ES.bmp,1
1_021_1_05_ESp.bmp,1
1_021_1_06_AEC.bmp,1
1_021_1_07_AOM.bmp,1
1_021_1_08_PU.bmp,1
1_021_1_09_PD.bmp,1
1_021_1_10_PL.bmp,1
1_021_1_11_PR.bmp,1
1_021_1_12_OOG.bmp,1
1_021_1_13_OSG.bmp,1
1_021_1_14_OH.bmp,1
1_021_1_15_OHE.bmp,1
1_021_1_16_OHM.bmp,1
1_021_1_17_LLU.bmp,1
1_021_1_18_LLR.bmp,1
1_021_1_19_LLL.bmp,1
1_021_1_20_LD.bmp,1
1_021_1_21_LR.bmp,1
1_031_1_01_NN.bmp,1
1_031_1_02_EH.bmp,1
1_031_1_03_EA.bmp,1
1_031_1_04_ES.bmp,1
1_031_1_05_ESp.bmp,1
1_031_1_06_AEC.bmp,1
1_031_1_07_AOM.bmp,1
1_031_1_08_PU.bmp,1
1_031_1_09_PD.bmp,1
1_031_1_10_PL.bmp,1
1_031_1_11_PR.bmp,1
1_031_1_12_OOG.bmp,1
1_031_1_13_OSG.bmp,1
1_031_1_14_OH.bmp,1
1_031_1_15_OHE.bmp,1
1_031_1_16_OHM.bmp,1
1_031_1_17_LLU.bmp,1
1_031_1_18_LLR.bmp,1
1_031_1_19_LLL.bmp,1
1_031_1_20_LD.bmp,1
1_031_1_21_LR.bmp,1
1_036_1_01_NN.bmp,1
1_036_1_02_EH.bmp,1
1_036_1_03_EA.bmp,1
1_036_1_04_ES.bmp,1
1_036_1_05_ESp.bmp,1
1_036_1_06_AEC.bmp,1
1_036_1_07_AOM.bmp,1
1_036_1_08_PU.bmp,1
1_036_1_09_PD.bmp,1
1_036_1_10_PL.bmp,1
1_036_1_11_PR.bmp,1
1_036_1_12_OOG.bmp,1
1_036_1_13_OSG.bmp,1
1_036_1_14_OH.bmp,1
1_036_1_15_OHE.bmp,1
1_036_1_16_OHM.bmp,1
1_036_1_17_LLU.bmp,1
1_036_1_18_LLR.bmp,1
1_036_1_19_LLL.bmp,1
1_036_1_20_LD.bmp,1
1_036_1_21_LR.bmp,1
Balage-721.bmp,1
Balage-736.bmp,1
Balage-742.bmp,1
Balage-744.bmp,1
Balage-745.bmp,1
Balage-746.bmp,1
Balage-750.bmp,1
Balage-751.bmp,1
Balage-752.bmp,1
Balage-754.bmp,1
Balage-759.bmp,1
Balage-884.bmp,1
Balage-904.bmp,1
Balage-908.bmp,1
Balage-910.bmp,1
Balage-912.bmp,1
Balage-915.bmp,1
Balage-917.bmp,1
Balage-918.bmp,1
Balage-921.bmp,1
Balage-924.bmp,1
Balage-948.bmp,1
Balage-960.bmp,1
Balage-969.bmp,1
Balage-973.bmp,1
Balage-976.bmp,1
Balage-979.bmp,1
Balage-980.bmp,1
Balage-982.bmp,1
Balage-984.bmp,1
Balage-986.bmp,1
Balage-989.bmp,1
Balage-999.bmp,1
Charles-103.bmp,1
Charles-123.bmp,1
Charles-130.bmp,1
Charles-134.bmp,1
Charles-136.bmp,1
Charles-138.bmp,1
Charles-141.bmp,1
Charles-143.bmp,1
Charles-146.bmp,1
Charles-149.bmp,1
Charles-157.bmp,1
Charles-206.bmp,1
Charles-218.bmp,1
Charles-222.bmp,1
Charles-225.bmp,1
Charles-227.bmp,1
Charles-229.bmp,1
Charles-231.bmp,1
Charles-234.bmp,1
Charles-236.bmp,1
Charles-238.bmp,1
Charles-252.bmp,1
Charles-48.bmp,1
Charles-61.bmp,1
Charles-63.bmp,1
Charles-65.bmp,1
Charles-68.bmp,1
Charles-71.bmp,1
Charles-73.bmp,1
Charles-75.bmp,1
Charles-80.bmp,1
Charles-85.bmp,1
Charles-97.bmp,1
Chris-1142.bmp,1
Chris-1150.bmp,1
Chris-1154.bmp,1
Chris-1156.bmp,1
Chris-1158.bmp,1
Chris-1160.bmp,1
Chris-1162.bmp,1
Chris-1165.bmp,1
Chris-1168.bmp,1
Chris-1172.bmp,1
Chris-1179.bmp,1
Chris-1190.bmp,1
Chris-1202.bmp,1
Chris-1210.bmp,1
Chris-1212.bmp,1
Chris-1214.bmp,1
Chris-1216.bmp,1
Chris-1218.bmp,1
Chris-1220.bmp,1
Chris-1222.bmp,1
Chris-1225.bmp,1
Chris-1234.bmp,1
Chris-1300.bmp,1
Chris-1303.bmp,1
Chris-1305.bmp,1
Chris-1308.bmp,1
Chris-1310.bmp,1
Chris-1312.bmp,1
Chris-1315.bmp,1
Chris-1318.bmp,1
Chris-1322.bmp,1
Chris-1326.bmp,1
Chris-1336.bmp,1
David-1034.bmp,1
David-1039.bmp,1
David-1042.bmp,1
David-1045.bmp,1
David-1047.bmp,1
David-1049.bmp,1
David-1053.bmp,1
David-1055.bmp,1
David-1058.bmp,1
David-1062.bmp,1
David-1069.bmp,1
David-1083.bmp,1
David-1101.bmp,1
David-1105.bmp,1
David-1108.bmp,1
David-1110.bmp,1
David-1113.bmp,1
David-1116.bmp,1
David-1119.bmp,1
David-1121.bmp,1
David-1123.bmp,1
David-1136.bmp,1
David-1178.bmp,1
David-1190.bmp,1
David-1193.bmp,1
David-1195.bmp,1
David-1197.bmp,1
David-1199.bmp,1
David-1202.bmp,1
David-1205.bmp,1
David-1207.bmp,1
David-1211.bmp,1
David-1238.bmp,1
Faysal-104.bmp,1
Faysal-108.bmp,1
Faysal-111.bmp,1
Faysal-113.bmp,1
Faysal-115.bmp,1
Faysal-117.bmp,1
Faysal-120.bmp,1
Faysal-124.bmp,1
Faysal-128.bmp,1
Faysal-136.bmp,1
Faysal-155.bmp,1
Faysal-167.bmp,1
Faysal-174.bmp,1
Faysal-176.bmp,1
Faysal-178.bmp,1
Faysal-182.bmp,1
Faysal-184.bmp,1
Faysal-187.bmp,1
Faysal-189.bmp,1
Faysal-192.bmp,1
Faysal-198.bmp,1
Faysal-316.bmp,1
Faysal-323.bmp,1
Faysal-324.bmp,1
Faysal-327.bmp,1
Faysal-329.bmp,1
Faysal-331.bmp,1
Faysal-333.bmp,1
Faysal-336.bmp,1
Faysal-339.bmp,1
Faysal-341.bmp,1
Faysal-351.bmp,1
Faysal-94.bmp,1
Gribok-1053.bmp,1
Gribok-1063.bmp,1
Gribok-1066.bmp,1
Gribok-1068.bmp,1
Gribok-1070.bmp,1
Gribok-1072.bmp,1
Gribok-1073.bmp,1
Gribok-1075.bmp,1
Gribok-1077.bmp,1
Gribok-1079.bmp,1
Gribok-1096.bmp,1
Gribok-1118.bmp,1
Gribok-1132.bmp,1
Gribok-1134.bmp,1
Gribok-1136.bmp,1
Gribok-1138.bmp,1
Gribok-1140.bmp,1
Gribok-1142.bmp,1
Gribok-1144.bmp,1
Gribok-1148.bmp,1
Gribok-1162.bmp,1
Gribok-1209.bmp,1
Gribok-1214.bmp,1
Gribok-1217.bmp,1
Gribok-1219.bmp,1
Gribok-1221.bmp,1
Gribok-1223.bmp,1
Gribok-1226.bmp,1
Gribok-1228.bmp,1
Gribok-1231.bmp,1
Gribok-1234.bmp,1
Gribok-1238.bmp,1
Heo-142.bmp,1
Heo-150.bmp,1
Heo-156.bmp,1
Heo-158.bmp,1
Heo-160.bmp,1
Heo-164.bmp,1
Heo-167.bmp,1
Heo-169.bmp,1
Heo-174.bmp,1
Heo-179.bmp,1
Heo-182.bmp,1
Heo-298.bmp,1
Heo-308.bmp,1
Heo-312.bmp,1
Heo-316.bmp,1
Heo-319.bmp,1
Heo-320.bmp,1
Heo-322.bmp,1
Heo-324.bmp,1
Heo-327.bmp,1
Heo-330.bmp,1
Heo-336.bmp,1
Heo-357.bmp,1
Heo-372.bmp,1
Heo-378.bmp,1
Heo-381.bmp,1
Heo-383.bmp,1
Heo-385.bmp,1
Heo-387.bmp,1
Heo-390.bmp,1
Heo-392.bmp,1
Heo-396.bmp,1
Heo-400.bmp,1
Justin-1014.bmp,1
Justin-1058.bmp,1
Justin-1065.bmp,1
Justin-1068.bmp,1
Justin-1070.bmp,1
Justin-1072.bmp,1
Justin-1074.bmp,1
Justin-1077.bmp,1
Justin-1080.bmp,1
Justin-1082.bmp,1
Justin-1095.bmp,1
Justin-1113.bmp,1
Justin-1125.bmp,1
Justin-1128.bmp,1
Justin-1130.bmp,1
Justin-1134.bmp,1
Justin-1137.bmp,1
Justin-1139.bmp,1
Justin-1141.bmp,1
Justin-1144.bmp,1
Justin-1148.bmp,1
Justin-1180.bmp,1
Justin-1220.bmp,1
Justin-1230.bmp,1
Justin-1234.bmp,1
Justin-1236.bmp,1
Justin-1238.bmp,1
Justin-1240.bmp,1
Justin-1242.bmp,1
Justin-1245.bmp,1
Justin-1248.bmp,1
Justin-1250.bmp,1
Justin-1261.bmp,1
Kong-1087.bmp,1
Kong-1093.bmp,1
Kong-1097.bmp,1
Kong-1100.bmp,1
Kong-1102.bmp,1
Kong-1104.bmp,1
Kong-1106.bmp,1
Kong-1108.bmp,1
Kong-1112.bmp,1
Kong-1117.bmp,1
Kong-1132.bmp,1
Kong-1238.bmp,1
Kong-1245.bmp,1
Kong-1248.bmp,1
Kong-1251.bmp,1
Kong-1254.bmp,1
Kong-1257.bmp,1
Kong-1260.bmp,1
Kong-1263.bmp,1
Kong-1267.bmp,1
Kong-1270.bmp,1
Kong-1279.bmp,1
Kong-1382.bmp,1
Kong-1394.bmp,1
Kong-1398.bmp,1
Kong-1401.bmp,1
Kong-1404.bmp,1
Kong-1406.bmp,1
Kong-1408.bmp,1
Kong-1411.bmp,1
Kong-1414.bmp,1
Kong-1420.bmp,1
Kong-1438.bmp,1
Koschan-1628.bmp,1
Koschan-1637.bmp,1
Koschan-1643.bmp,1
Koschan-1645.bmp,1
Koschan-1647.bmp,1
Koschan-1649.bmp,1
Koschan-1651.bmp,1
Koschan-1653.bmp,1
Koschan-1655.bmp,1
Koschan-1657.bmp,1
Koschan-1661.bmp,1
Koschan-1731.bmp,1
Koschan-1743.bmp,1
Koschan-1745.bmp,1
Koschan-1747.bmp,1
Koschan-1749.bmp,1
Koschan-1751.bmp,1
Koschan-1753.bmp,1
Koschan-1755.bmp,1
Koschan-1758.bmp,1
Koschan-1760.bmp,1
Koschan-1767.bmp,1
Koschan-1786.bmp,1
Koschan-1800.bmp,1
Koschan-1804.bmp,1
Koschan-1808.bmp,1
Koschan-1810.bmp,1
Koschan-1812.bmp,1
Koschan-1814.bmp,1
Koschan-1816.bmp,1
Koschan-1820.bmp,1
Koschan-1824.bmp,1
Koschan-1834.bmp,1
Mark-1274.bmp,1
Mark-1280.bmp,1
Mark-1284.bmp,1
Mark-1287.bmp,1
Mark-1291.bmp,1
Mark-1294.bmp,1
Mark-1300.bmp,1
Mark-1302.bmp,1
Mark-1304.bmp,1
Mark-1307.bmp,1
Mark-1318.bmp,1
Mark-1335.bmp,1
Mark-1342.bmp,1
Mark-1346.bmp,1
Mark-1349.bmp,1
Mark-1351.bmp,1
Mark-1353.bmp,1
Mark-1355.bmp,1
Mark-1357.bmp,1
Mark-1360.bmp,1
Mark-1367.bmp,1
Mark-1392.bmp,1
Mark-1605.bmp,1
Mark-1615.bmp,1
Mark-1617.bmp,1
Mark-1619.bmp,1
Mark-1621.bmp,1
Mark-1624.bmp,1
Mark-1627.bmp,1
Mark-1630.bmp,1
Mark-1634.bmp,1
Mark-1638.bmp,1
Mark-1653.bmp,1
Mattew-1048.bmp,1
Mattew-1059.bmp,1
Mattew-1062.bmp,1
Mattew-1064.bmp,1
Mattew-1066.bmp,1
Mattew-1068.bmp,1
Mattew-1070.bmp,1
Mattew-1072.bmp,1
Mattew-1075.bmp,1
Mattew-1077.bmp,1
Mattew-1090.bmp,1
Mattew-1117.bmp,1
Mattew-1123.bmp,1
Mattew-1128.bmp,1
Mattew-1130.bmp,1
Mattew-1132.bmp,1
Mattew-1134.bmp,1
Mattew-1137.bmp,1
Mattew-1140.bmp,1
Mattew-1143.bmp,1
Mattew-1147.bmp,1
Mattew-1156.bmp,1
Mattew-1510.bmp,1
Mattew-1526.bmp,1
Mattew-1530.bmp,1
Mattew-1532.bmp,1
Mattew-1534.bmp,1
Mattew-1536.bmp,1
Mattew-1539.bmp,1
Mattew-1541.bmp,1
Mattew-1544.bmp,1
Mattew-1549.bmp,1
Mattew-1566.bmp,1
Michael-108.bmp,1
Michael-129.bmp,1
Michael-140.bmp,1
Michael-144.bmp,1
Michael-146.bmp,1
Michael-148.bmp,1
Michael-151.bmp,1
Michael-153.bmp,1
Michael-155.bmp,1
Michael-157.bmp,1
Michael-160.bmp,1
Michael-168.bmp,1
Michael-418.bmp,1
Michael-423.bmp,1
Michael-427.bmp,1
Michael-430.bmp,1
Michael-432.bmp,1
Michael-434.bmp,1
Michael-436.bmp,1
Michael-438.bmp,1
Michael-440.bmp,1
Michael-444.bmp,1
Michael-468.bmp,1
Michael-65.bmp,1
Michael-75.bmp,1
Michael-77.bmp,1
Michael-79.bmp,1
Michael-82.bmp,1
Michael-84.bmp,1
Michael-86.bmp,1
Michael-88.bmp,1
Michael-90.bmp,1
Michael-96.bmp,1
Nash-105.bmp,1
Nash-112.bmp,1
Nash-118.bmp,1
Nash-122.bmp,1
Nash-124.bmp,1
Nash-126.bmp,1
Nash-129.bmp,1
Nash-131.bmp,1
Nash-134.bmp,1
Nash-136.bmp,1
Nash-142.bmp,1
Nash-209.bmp,1
Nash-214.bmp,1
Nash-216.bmp,1
Nash-218.bmp,1
Nash-220.bmp,1
Nash-222.bmp,1
Nash-225.bmp,1
Nash-227.bmp,1
Nash-230.bmp,1
Nash-237.bmp,1
Nash-246.bmp,1
Nash-42.bmp,1
Nash-50.bmp,1
Nash-53.bmp,1
Nash-56.bmp,1
Nash-59.bmp,1
Nash-61.bmp,1
Nash-64.bmp,1
Nash-66.bmp,1
Nash-69.bmp,1
Nash-72.bmp,1
Nash-81.bmp,1
Rangan-197.bmp,1
Rangan-207.bmp,1
Rangan-210.bmp,1
Rangan-212.bmp,1
Rangan-214.bmp,1
Rangan-216.bmp,1
Rangan-218.bmp,1
Rangan-221.bmp,1
Rangan-224.bmp,1
Rangan-228.bmp,1
Rangan-240.bmp,1
Rangan-33.bmp,1
Rangan-411.bmp,1
Rangan-426.bmp,1
Rangan-430.bmp,1
Rangan-432.bmp,1
Rangan-435.bmp,1
Rangan-437.bmp,1
Rangan-440.bmp,1
Rangan-442.bmp,1
Rangan-445.bmp,1
Rangan-450.bmp,1
Rangan-456.bmp,1
Rangan-46.bmp,1
Rangan-52.bmp,1
Rangan-54.bmp,1
Rangan-56.bmp,1
Rangan-58.bmp,1
Rangan-60.bmp,1
Rangan-62.bmp,1
Rangan-64.bmp,1
Rangan-66.bmp,1
Rangan-76.bmp,1
Sangkyu-203.bmp,1
Sangkyu-208.bmp,1
Sangkyu-212.bmp,1
Sangkyu-216.bmp,1
Sangkyu-218.bmp,1
Sangkyu-220.bmp,1
Sangkyu-222.bmp,1
Sangkyu-225.bmp,1
Sangkyu-230.bmp,1
Sangkyu-234.bmp,1
Sangkyu-240.bmp,1
Sangkyu-252.bmp,1
Sangkyu-264.bmp,1
Sangkyu-270.bmp,1
Sangkyu-274.bmp,1
Sangkyu-276.bmp,1
Sangkyu-279.bmp,1
Sangkyu-282.bmp,1
Sangkyu-285.bmp,1
Sangkyu-288.bmp,1
Sangkyu-292.bmp,1
Sangkyu-300.bmp,1
Sangkyu-378.bmp,1
Sangkyu-388.bmp,1
Sangkyu-394.bmp,1
Sangkyu-396.bmp,1
Sangkyu-398.bmp,1
Sangkyu-400.bmp,1
Sangkyu-403.bmp,1
Sangkyu-406.bmp,1
Sangkyu-410.bmp,1
Sangkyu-414.bmp,1
Sangkyu-420.bmp,1
Sarath-100.bmp,1
Sarath-103.bmp,1
Sarath-107.bmp,1
Sarath-109.bmp,1
Sarath-111.bmp,1
Sarath-113.bmp,1
Sarath-115.bmp,1
Sarath-118.bmp,1
Sarath-121.bmp,1
Sarath-127.bmp,1
Sarath-134.bmp,1
Sarath-194.bmp,1
Sarath-205.bmp,1
Sarath-207.bmp,1
Sarath-210.bmp,1
Sarath-212.bmp,1
Sarath-214.bmp,1
Sarath-217.bmp,1
Sarath-220.bmp,1
Sarath-225.bmp,1
Sarath-228.bmp,1
Sarath-250.bmp,1
Shafik-203.bmp,1
Shafik-211.bmp,1
Shafik-214.bmp,1
Shafik-218.bmp,1
Shafik-220.bmp,1
Shafik-223.bmp,1
Shafik-226.bmp,1
Shafik-230.bmp,1
Shafik-235.bmp,1
Shafik-240.bmp,1
Shafik-248.bmp,1
Shafik-270.bmp,1
Shafik-278.bmp,1
Shafik-280.bmp,1
Shafik-282.bmp,1
Shafik-284.bmp,1
Shafik-286.bmp,1
Shafik-288.bmp,1
Shafik-290.bmp,1
Shafik-293.bmp,1
Shafik-296.bmp,1
Shafik-302.bmp,1
Shafik-552.bmp,1
Shafik-562.bmp,1
Shafik-566.bmp,1
Shafik-568.bmp,1
Shafik-570.bmp,1
Shafik-572.bmp,1
Shafik-574.bmp,1
Shafik-576.bmp,1
Shafik-578.bmp,1
Shafik-582.bmp,1
Shafik-596.bmp,1
Sharon-1045.bmp,1
Sharon-1054.bmp,1
Sharon-1058.bmp,1
Sharon-1061.bmp,1
Sharon-1064.bmp,1
Sharon-1066.bmp,1
Sharon-1069.bmp,1
Sharon-1072.bmp,1
Sharon-1078.bmp,1
Sharon-1080.bmp,1
Sharon-1096.bmp,1
Sharon-1101.bmp,1
Sharon-1120.bmp,1
Sharon-1123.bmp,1
Sharon-1126.bmp,1
Sharon-1128.bmp,1
Sharon-1131.bmp,1
Sharon-1134.bmp,1
Sharon-1137.bmp,1
Sharon-1140.bmp,1
Sharon-1144.bmp,1
Sharon-1154.bmp,1
Sharon-1390.bmp,1
Sharon-1403.bmp,1
Sharon-1405.bmp,1
Sharon-1407.bmp,1
Sharon-1409.bmp,1
Sharon-1411.bmp,1
Sharon-1413.bmp,1
Sharon-1416.bmp,1
Sharon-1419.bmp,1
Sharon-1422.bmp,1
Sharon-1438.bmp,1
Tak-102.bmp,1
Tak-106.bmp,1
Tak-109.bmp,1
Tak-111.bmp,1
Tak-113.bmp,1
Tak-115.bmp,1
Tak-120.bmp,1
Tak-125.bmp,1
Tak-132.bmp,1
Tak-196.bmp,1
Tak-204.bmp,1
Tak-208.bmp,1
Tak-212.bmp,1
Tak-214.bmp,1
Tak-216.bmp,1
Tak-218.bmp,1
Tak-220.bmp,1
Tak-225.bmp,1
Tak-229.bmp,1
Tak-235.bmp,1
Tak-24.bmp,1
Tak-34.bmp,1
Tak-38.bmp,1
Tak-40.bmp,1
Tak-42.bmp,1
Tak-44.bmp,1
Tak-47.bmp,1
Tak-49.bmp,1
Tak-54.bmp,1
Tak-60.bmp,1
Tak-68.bmp,1
Tak-78.bmp,1
Tak-96.bmp,1
Uma-1040.bmp,1
Uma-1048.bmp,1
Uma-1052.bmp,1
Uma-1054.bmp,1
Uma-1056.bmp,1
Uma-1058.bmp,1
Uma-1060.bmp,1
Uma-1063.bmp,1
Uma-1067.bmp,1
Uma-1072.bmp,1
Uma-1096.bmp,1
Uma-1099.bmp,1
Uma-1108.bmp,1
Uma-1114.bmp,1
Uma-1118.bmp,1
Uma-1121.bmp,1
Uma-1124.bmp,1
Uma-1127.bmp,1
Uma-1130.bmp,1
Uma-1133.bmp,1
Uma-1137.bmp,1
Uma-1144.bmp,1
Uma-1186.bmp,1
Uma-1198.bmp,1
Uma-1202.bmp,1
Uma-1205.bmp,1
Uma-1207.bmp,1
Uma-1209.bmp,1
Uma-1212.bmp,1
Uma-1216.bmp,1
Uma-1219.bmp,1
Uma-1222.bmp,1
Uma-1228.bmp,1
bernard-458.bmp,1
bernard-475.bmp,1
bernard-478.bmp,1
bernard-482.bmp,1
bernard-485.bmp,1
bernard-486.bmp,1
bernard-487.bmp,1
bernard-489.bmp,1
bernard-491.bmp,1
bernard-503.bmp,1
bernard-515.bmp,1
bernard-522.bmp,1
bernard-536.bmp,1
bernard-542.bmp,1
bernard-545.bmp,1
bernard-547.bmp,1
bernard-552.bmp,1
bernard-554.bmp,1
bernard-557.bmp,1
bernard-559.bmp,1
bernard-562.bmp,1
bernard-566.bmp,1
bernard-648.bmp,1
bernard-657.bmp,1
bernard-659.bmp,1
bernard-662.bmp,1
bernard-666.bmp,1
bernard-667.bmp,1
bernard-671.bmp,1
bernard-673.bmp,1
bernard-678.bmp,1
bernard-683.bmp,1
bernard-685.bmp,1
brad-185.bmp,1
brad-191.bmp,1
brad-195.bmp,1
brad-197.bmp,1
brad-199.bmp,1
brad-202.bmp,1
brad-205.bmp,1
brad-207.bmp,1
brad-210.bmp,1
brad-220.bmp,1
brad-228.bmp,1
brad-241.bmp,1
brad-251.bmp,1
brad-258.bmp,1
brad-261.bmp,1
brad-263.bmp,1
brad-266.bmp,1
brad-268.bmp,1
brad-270.bmp,1
brad-272.bmp,1
brad-274.bmp,1
brad-286.bmp,1
brad-34.bmp,1
brad-42.bmp,1
brad-46.bmp,1
brad-49.bmp,1
brad-51.bmp,1
brad-53.bmp,1
brad-54.bmp,1
brad-56.bmp,1
brad-59.bmp,1
brad-66.bmp,1
brad-78.bmp,1
hari-1039.bmp,1
hari-1059.bmp,1
hari-1063.bmp,1
hari-1066.bmp,1
hari-1069.bmp,1
hari-1071.bmp,1
hari-1074.bmp,1
hari-1077.bmp,1
hari-1080.bmp,1
hari-1089.bmp,1
hari-1095.bmp,1
hari-1112.bmp,1
hari-1120.bmp,1
hari-1126.bmp,1
hari-1131.bmp,1
hari-1134.bmp,1
hari-1138.bmp,1
hari-1140.bmp,1
hari-1142.bmp,1
hari-1144.bmp,1
hari-1147.bmp,1
hari-1156.bmp,1
hari-1232.bmp,1
hari-1241.bmp,1
hari-1243.bmp,1
hari-1246.bmp,1
hari-1248.bmp,1
hari-1250.bmp,1
hari-1252.bmp,1
hari-1254.bmp,1
hari-1258.bmp,1
hari-1264.bmp,1
hari-1282.bmp,1
priya-1042.bmp,1
priya-1053.bmp,1
priya-1057.bmp,1
priya-1060.bmp,1
priya-1062.bmp,1
priya-1064.bmp,1
priya-1067.bmp,1
priya-1070.bmp,1
priya-1072.bmp,1
priya-1078.bmp,1
priya-1084.bmp,1
priya-1108.bmp,1
priya-1120.bmp,1
priya-1123.bmp,1
priya-1125.bmp,1
priya-1127.bmp,1
priya-1130.bmp,1
priya-1132.bmp,1
priya-1135.bmp,1
priya-1138.bmp,1
priya-1141.bmp,1
priya-1150.bmp,1
priya-1211.bmp,1
priya-1223.bmp,1
priya-1226.bmp,1
priya-1229.bmp,1
priya-1232.bmp,1
priya-1234.bmp,1
priya-1237.bmp,1
priya-1239.bmp,1
priya-1244.bmp,1
priya-1250.bmp,1
priya-1270.bmp,1
vivek-1052.bmp,1
vivek-1065.bmp,1
vivek-1069.bmp,1
vivek-1072.bmp,1
vivek-1074.bmp,1
vivek-1077.bmp,1
vivek-1080.bmp,1
vivek-1083.bmp,1
vivek-1086.bmp,1
vivek-1090.bmp,1
vivek-1102.bmp,1
vivek-1112.bmp,1
vivek-1124.bmp,1
vivek-1128.bmp,1
vivek-1131.bmp,1
vivek-1133.bmp,1
vivek-1135.bmp,1
vivek-1137.bmp,1
vivek-1140.bmp,1
vivek-1143.bmp,1
vivek-1147.bmp,1
vivek-1156.bmp,1
vivek-1199.bmp,1
vivek-1210.bmp,1
vivek-1213.bmp,1
vivek-1216.bmp,1
vivek-1218.bmp,1
vivek-1220.bmp,1
vivek-1222.bmp,1
vivek-1225.bmp,1
vivek-1228.bmp,1
vivek-1232.bmp,1
vivek-1237.bmp,1
Meng-1203.bmp,1
Meng-1212.bmp,1
Meng-1215.bmp,1
Meng-1218.bmp,1
Meng-1220.bmp,1
Meng-1224.bmp,1
Meng-1226.bmp,1
Meng-1228.bmp,1
Meng-1232.bmp,1
Meng-1240.bmp,1
Meng-1246.bmp,1
Meng-1252.bmp,1
Meng-1276.bmp,1
Meng-1282.bmp,1
Meng-1286.bmp,1
Meng-1288.bmp,1
Meng-1290.bmp,1
Meng-1293.bmp,1
Meng-1295.bmp,1
Meng-1298.bmp,1
Meng-1300.bmp,1
Meng-1312.bmp,1
Meng-1372.bmp,1
Meng-1378.bmp,1
Meng-1382.bmp,1
Meng-1384.bmp,1
Meng-1387.bmp,1
Meng-1389.bmp,1
Meng-1392.bmp,1
Meng-1396.bmp,1
Meng-1402.bmp,1
Meng-1408.bmp,1
Vicky-1035.bmp,1
Vicky-1048.bmp,1
Vicky-1053.bmp,1
Vicky-1057.bmp,1
Vicky-1059.bmp,1
Vicky-1061.bmp,1
Vicky-1063.bmp,1
Vicky-1065.bmp,1
Vicky-1069.bmp,1
Vicky-1072.bmp,1
Vicky-1084.bmp,1
Vicky-1188.bmp,1
Vicky-1196.bmp,1
Vicky-1200.bmp,1
Vicky-1202.bmp,1
Vicky-1204.bmp,1
Vicky-1207.bmp,1
Vicky-1209.bmp,1
Vicky-1212.bmp,1
Vicky-1215.bmp,1
Vicky-1218.bmp,1
Vicky-1232.bmp,1
Vicky-1247.bmp,1
Vicky-1255.bmp,1
Vicky-1260.bmp,1
Vicky-1264.bmp,1
Vicky-1267.bmp,1
Vicky-1270.bmp,1
Vicky-1273.bmp,1
Vicky-1276.bmp,1
Vicky-1280.bmp,1
Vicky-1285.bmp,1
Vicky-1293.bmp,1
Vijay-1035.bmp,1
Vijay-1042.bmp,1
Vijay-1046.bmp,1
Vijay-1048.bmp,1
Vijay-1050.bmp,1
Vijay-1052.bmp,1
Vijay-1054.bmp,1
Vijay-1057.bmp,1
Vijay-1060.bmp,1
Vijay-1065.bmp,1
Vijay-1078.bmp,1
Vijay-1216.bmp,1
Vijay-1228.bmp,1
Vijay-1232.bmp,1
Vijay-1235.bmp,1
Vijay-1237.bmp,1
Vijay-1239.bmp,1
Vijay-1241.bmp,1
Vijay-1244.bmp,1
Vijay-1247.bmp,1
Vijay-1250.bmp,1
Vijay-1270.bmp,1
Vijay-1276.bmp,1
Vijay-1285.bmp,1
Vijay-1289.bmp,1
Vijay-1292.bmp,1
Vijay-1294.bmp,1
Vijay-1297.bmp,1
Vijay-1300.bmp,1
Vijay-1303.bmp,1
Vijay-1306.bmp,1
Vijay-1310.bmp,1
Vijay-1316.bmp,1